"Order","Price","LotFrontage","LotArea","LotConfig","HouseStyle","Quality","Condition","YearBuilt","YearRemodel","ExteriorQ","ExteriorC","Foundation","BasementHt","BasementC","BasementFin","BasementFinSF","BasementUnFinSF","BasementSF","Heating","HeatingQC","CentralAir","FirstSF","SecondSF","GroundSF","BasementFBath","BasementHBath","FullBath","HalfBath","Bedroom","KitchenQ","TotalRooms","Fireplaces","GarageType","GarageCars","GarageSF","GarageQ","GarageC","WoodDeckSF","OpenPorchSF","EnclosedPorchSF","ScreenPorchSF"
2620,147.5,60,12144,"Inside","1.5Fin",4,6,1950,1950,"TA","TA","CBlock","TA","TA","Rec",455,455,910,"GasA","Gd","Y",910,611,1521,0,0,1,1,3,"Gd",6,0,"Detchd",1,597,"Fa","TA",199,0,168,0
2309,252,0,39384,"CulDSac","1Story",6,6,1957,1957,"TA","TA","CBlock","Gd","TA","ALQ",1110,595,1705,"GasA","Ex","Y",1390,0,1390,1,0,1,1,1,"Ex",4,2,"Attchd",2,550,"TA","TA",0,189,0,0
242,308.03,44,17485,"Inside","1Story",7,5,2009,2010,"Gd","TA","PConc","Gd","TA","GLQ",1346,162,1508,"GasA","Ex","Y",1508,0,1508,1,0,1,0,1,"Gd",5,2,"Attchd",2,572,"TA","TA",0,0,0,0
2462,405.749,100,13162,"Corner","2Story",9,5,2006,2006,"Gd","TA","PConc","Ex","TA","GLQ",1836,200,2036,"GasA","Ex","Y",2036,604,2640,1,0,3,1,3,"Ex",11,1,"Attchd",3,792,"TA","TA",0,265,0,0
2801,274.3,75,9750,"Corner","2Story",7,6,1998,1998,"TA","TA","PConc","Gd","TA","GLQ",975,133,1108,"GasA","Ex","Y",1108,989,2097,1,0,2,1,3,"Gd",8,1,"Detchd",2,583,"TA","TA",253,170,0,0
1716,194.7,61,7577,"Corner","1Story",6,5,2005,2006,"Gd","TA","PConc","Gd","TA","ALQ",20,1342,1362,"GasA","Ex","Y",1362,0,1362,0,0,2,0,2,"Gd",6,1,"Attchd",2,460,"TA","TA",192,28,0,0
261,161.75,0,10900,"FR2","2Story",6,7,1977,1977,"TA","TA","CBlock","Gd","TA","GLQ",378,311,689,"GasA","Ex","Y",689,703,1392,0,0,1,1,3,"TA",6,0,"Attchd",1,299,"TA","TA",0,36,0,0
1454,230,75,9742,"Inside","1Story",8,5,2002,2002,"Gd","TA","PConc","Gd","TA","Unf",0,1777,1777,"GasA","Ex","Y",1795,0,1795,0,0,2,0,3,"Gd",7,1,"Attchd",2,534,"TA","TA",171,159,0,0
531,185,62,7500,"Inside","1Story",7,5,2004,2005,"Gd","TA","PConc","Gd","TA","GLQ",410,811,1221,"GasA","Ex","Y",1221,0,1221,1,0,2,0,2,"Gd",6,0,"Attchd",2,400,"TA","TA",0,113,0,0
1897,181.9,0,14585,"CulDSac","1Story",6,6,1960,1987,"TA","TA","CBlock","TA","TA","BLQ",594,331,1144,"GasA","Ex","Y",1429,0,1429,0,1,1,0,3,"Gd",7,2,"Attchd",2,572,"TA","TA",216,110,0,0
2374,146.3,53,4043,"Inside","1Story",6,5,1975,1975,"TA","TA","CBlock","Gd","TA","ALQ",727,186,1069,"GasA","Gd","Y",1069,0,1069,0,1,2,0,2,"TA",4,1,"Attchd",2,440,"TA","TA",0,55,0,225
1437,207.5,68,8998,"Inside","2Story",7,5,2000,2000,"Gd","TA","PConc","Gd","TA","GLQ",527,255,782,"GasA","Ex","Y",782,870,1652,0,0,2,1,3,"Gd",6,0,"Attchd",2,532,"TA","TA",0,70,0,0
2157,131.5,36,4435,"Inside","1Story",6,5,2003,2003,"Gd","TA","PConc","Gd","TA","GLQ",659,189,848,"GasA","Ex","Y",848,0,848,1,0,1,0,1,"Gd",3,0,"Attchd",2,420,"TA","TA",140,0,0,0
166,160,87,10000,"Corner","1Story",6,6,1962,1962,"TA","TA","CBlock","TA","TA","Unf",0,1116,1116,"GasA","TA","Y",1116,0,1116,0,0,1,1,3,"TA",5,0,"Attchd",2,440,"TA","TA",0,0,0,385
1545,126,50,7000,"Inside","1Story",6,8,1926,1998,"TA","Gd","BrkTil","TA","TA","Rec",299,555,894,"GasA","TA","Y",919,0,919,1,0,1,0,2,"TA",5,0,"Detchd",1,195,"TA","TA",0,0,116,0
1221,52,56,4130,"Inside","1Story",3,6,1935,2003,"Gd","TA","CBlock","TA","TA","Unf",0,270,270,"GasA","Gd","Y",729,0,729,0,0,1,0,2,"TA",5,0,"None",0,0,"None","None",0,0,0,0
500,265,79,10208,"Inside","2Story",7,5,1996,1997,"Gd","TA","PConc","Gd","TA","Unf",0,1264,1264,"GasA","Ex","Y",1277,1067,2344,0,0,2,1,3,"Gd",7,1,"Attchd",3,889,"TA","TA",220,0,0,0
1403,256,0,53227,"CulDSac","1Story",4,6,1954,1994,"TA","TA","CBlock","Gd","TA","BLQ",1116,248,1364,"GasA","Ex","Y",1663,0,1663,1,0,1,0,2,"Gd",6,2,"Attchd",2,529,"TA","TA",224,137,0,0
1647,176,78,12090,"Inside","2Story",7,7,1981,2003,"Gd","TA","CBlock","Gd","TA","ALQ",321,404,725,"GasA","Ex","Y",725,754,1479,0,0,2,1,3,"Gd",6,1,"Attchd",2,484,"TA","TA",167,72,0,0
436,296,129,16870,"FR3","1Story",8,5,2004,2005,"Gd","TA","PConc","Ex","TA","GLQ",1531,251,1782,"GasA","Ex","Y",1782,0,1782,1,0,2,0,3,"Gd",7,2,"Attchd",3,932,"TA","TA",99,82,0,0
1961,102,60,7200,"Inside","1Story",5,3,1950,1950,"TA","TA","CBlock","TA","TA","LwQ",432,432,864,"GasA","Fa","Y",1238,0,1238,0,0,1,1,3,"TA",6,1,"Attchd",1,357,"TA","TA",0,171,0,0
1056,372.402,107,13891,"Inside","1Story",8,5,2007,2008,"Gd","TA","PConc","Ex","TA","GLQ",1400,310,1710,"GasA","Ex","Y",1710,0,1710,1,0,2,0,2,"Gd",6,1,"Attchd",3,866,"TA","TA",0,102,0,0
1981,130,60,7200,"Inside","1Story",5,8,1940,1950,"TA","TA","CBlock","TA","TA","Unf",0,808,808,"GasA","Ex","Y",1072,0,1072,0,0,1,0,2,"TA",5,2,"Detchd",2,379,"TA","TA",0,0,0,0
880,293.2,85,10200,"Inside","1Story",8,5,2007,2007,"Gd","TA","PConc","Gd","TA","GLQ",1478,100,1578,"GasA","Ex","Y",1602,0,1602,1,0,2,0,3,"Gd",7,1,"Attchd",3,810,"TA","TA",0,48,0,195
2189,108.5,62,10042,"Corner","1.5Fin",6,8,1920,1995,"TA","TA","BrkTil","TA","TA","LwQ",144,238,660,"GasA","TA","Y",740,125,865,1,0,1,0,2,"TA",4,1,"Detchd",1,216,"TA","TA",0,0,84,0
2589,125,80,13600,"Inside","1Story",5,6,1955,1955,"TA","TA","CBlock","TA","TA","Rec",144,0,1056,"GasA","Gd","Y",1056,0,1056,1,0,1,1,3,"TA",6,0,"Attchd",1,300,"TA","TA",0,0,0,0
2016,131.75,52,6240,"Inside","1.5Fin",5,7,1930,1992,"TA","TA","BrkTil","TA","TA","Unf",0,966,966,"GasA","Ex","Y",1014,412,1426,0,0,1,0,3,"TA",6,1,"Detchd",1,230,"Fa","TA",174,0,96,0
1034,133,60,9000,"FR2","2Story",5,5,1974,1974,"TA","TA","CBlock","Gd","TA","Unf",0,896,896,"GasA","TA","Y",896,896,1792,0,0,2,2,4,"TA",8,0,"Detchd",2,480,"TA","TA",0,45,0,0
1645,174,0,10960,"Inside","1Story",6,5,1984,1984,"TA","TA","CBlock","Gd","TA","GLQ",256,1028,1284,"GasA","TA","Y",1284,0,1284,1,0,2,0,3,"TA",5,0,"Attchd",2,480,"TA","TA",0,0,192,0
1129,256,85,10625,"Inside","1Story",8,5,2007,2007,"Gd","TA","PConc","Gd","TA","Unf",0,1660,1660,"GasA","Ex","Y",1660,0,1660,0,0,2,0,3,"Gd",7,1,"Attchd",3,660,"TA","TA",133,120,0,0
623,124,65,8944,"Inside","1Story",5,5,1967,1967,"TA","TA","CBlock","TA","TA","Unf",0,1584,1584,"GasA","TA","Y",1584,0,1584,0,0,2,0,4,"TA",8,0,"Detchd",3,792,"TA","TA",0,152,0,0
235,124,124,18600,"Inside","1.5Fin",3,4,1938,1990,"TA","TA","CBlock","TA","TA","BLQ",288,0,972,"GasA","TA","Y",1052,558,1610,0,1,2,0,4,"Fa",8,1,"Attchd",1,480,"TA","TA",0,0,60,0
1786,248.328,83,9849,"Inside","1Story",7,6,2007,2007,"Gd","TA","PConc","Gd","TA","Unf",0,1689,1689,"GasA","Ex","Y",1689,0,1689,0,0,2,0,3,"Gd",7,0,"Attchd",3,954,"TA","TA",0,56,0,0
1602,113,100,21750,"Inside","1Story",5,5,1954,1954,"TA","TA","CBlock","TA","TA","Unf",0,988,988,"GasA","Ex","Y",988,0,988,0,0,1,0,2,"TA",4,0,"Attchd",2,520,"TA","TA",0,0,0,0
2349,188.9,81,10530,"Inside","2Story",7,5,1978,1978,"TA","TA","CBlock","TA","TA","Unf",0,945,945,"GasA","TA","Y",945,912,1857,0,0,2,1,4,"TA",8,1,"Attchd",2,482,"TA","TA",400,105,0,0
56,216.5,0,7851,"Inside","2Story",6,5,2002,2002,"Gd","TA","PConc","Gd","TA","GLQ",625,235,860,"GasA","Ex","Y",860,1100,1960,1,0,2,1,4,"Gd",8,2,"BuiltIn",2,440,"TA","TA",288,48,0,0
916,177,57,7558,"Inside","1.5Fin",6,6,1928,1950,"TA","TA","BrkTil","TA","TA","Unf",0,896,896,"GasA","Gd","Y",1172,741,1913,0,0,1,1,3,"TA",9,1,"Detchd",2,342,"Fa","Fa",0,0,0,0
971,115,100,21750,"Inside","1Story",5,4,1960,2006,"TA","Fa","Slab","None","None","None",0,0,0,"GasA","TA","Y",1771,0,1771,0,0,1,0,3,"TA",9,1,"Attchd",2,336,"TA","TA",0,0,0,0
1877,156,79,10289,"Inside","1Story",5,7,1965,1965,"TA","TA","CBlock","TA","TA","ALQ",836,237,1073,"GasA","TA","Y",1073,0,1073,1,0,1,1,3,"TA",6,0,"Attchd",2,515,"TA","TA",0,0,0,0
1076,234.25,48,6240,"Inside","1Story",8,5,2006,2007,"Gd","TA","PConc","Gd","TA","GLQ",846,496,1342,"GasA","Ex","Y",1342,0,1342,1,0,2,0,2,"Gd",6,1,"Attchd",2,550,"TA","TA",0,35,0,0
1763,248,0,11000,"FR2","2Story",8,5,2000,2000,"Gd","TA","PConc","Gd","TA","Unf",0,969,969,"GasA","Ex","Y",997,1288,2285,0,0,2,1,4,"Gd",8,1,"BuiltIn",3,648,"TA","TA",0,56,0,0
2126,147.9,70,16561,"Inside","1Story",5,5,1996,1996,"TA","TA","PConc","Gd","TA","ALQ",549,548,1097,"GasA","Ex","Y",1097,0,1097,1,0,1,1,3,"TA",6,0,"Attchd",1,242,"TA","TA",306,0,0,0
2696,91,60,9786,"Inside","1Story",3,4,1922,1950,"TA","TA","BrkTil","TA","Fa","Unf",0,1007,1007,"GasA","Fa","N",1077,0,1077,0,0,1,0,3,"TA",6,1,"Detchd",1,210,"TA","Fa",0,100,48,0
592,213.25,78,10140,"Inside","1Story",7,5,1998,1999,"Gd","TA","PConc","Ex","TA","LwQ",144,379,1650,"GasA","Ex","Y",1680,0,1680,1,0,2,0,3,"Gd",7,1,"Attchd",2,583,"TA","TA",78,73,0,0
1719,207,41,6289,"Inside","1Story",6,5,2005,2006,"Gd","TA","PConc","Gd","TA","ALQ",762,600,1362,"GasA","Ex","Y",1362,0,1362,1,0,2,0,2,"Gd",6,1,"Attchd",2,460,"TA","TA",192,28,0,0
629,110,120,13560,"Corner","1Story",6,3,1968,1968,"TA","TA","CBlock","Fa","Fa","Unf",0,1392,1392,"GasA","Gd","Y",1392,0,1392,1,0,1,0,2,"TA",5,2,"Attchd",2,576,"TA","TA",0,0,240,0
822,332,65,10816,"Inside","1Story",9,5,2008,2008,"Ex","TA","PConc","Ex","TA","GLQ",1104,616,1720,"GasA","Ex","Y",1720,0,1720,1,0,2,0,3,"Ex",8,1,"Attchd",3,846,"TA","TA",208,104,0,0
664,105,90,5400,"Corner","1.5Fin",4,6,1920,1950,"Fa","TA","PConc","TA","TA","ALQ",315,420,840,"GasA","Ex","Y",840,534,1374,0,0,1,0,2,"TA",6,0,"Detchd",1,338,"TA","TA",0,0,198,0
2825,229,90,11060,"Corner","2Story",7,5,2003,2005,"Gd","TA","PConc","Ex","TA","Unf",0,1150,1150,"GasA","Ex","Y",1164,1150,2314,0,0,2,1,3,"Gd",9,1,"BuiltIn",2,502,"TA","TA",0,274,0,0
774,149.9,0,8014,"CulDSac","SFoyer",6,5,1978,1978,"TA","TA","CBlock","Gd","TA","GLQ",456,0,456,"GasA","TA","Y",1034,0,1034,0,1,1,0,3,"TA",5,1,"Basment",2,504,"TA","TA",0,0,0,0
2297,138,50,6723,"Inside","SFoyer",5,7,1971,1971,"TA","TA","CBlock","Gd","TA","GLQ",796,0,796,"GasA","TA","Y",796,0,796,0,1,1,0,2,"TA",5,0,"None",0,0,"None","None",129,0,0,0
1363,120,0,10320,"Inside","1.5Fin",5,6,1915,1978,"TA","Fa","BrkTil","TA","Fa","Unf",0,880,880,"GasA","Gd","Y",880,428,1308,0,0,2,0,2,"TA",6,0,"Detchd",2,400,"Fa","Fa",0,0,117,0
807,131,120,26400,"FR2","2Story",5,7,1880,2007,"Gd","TA","PConc","None","None","None",0,0,0,"GasA","Ex","Y",1288,728,2016,0,0,1,0,4,"TA",7,1,"Attchd",2,576,"TA","TA",0,0,0,0
2226,123.9,24,1782,"Inside","2Story",6,6,1980,1980,"TA","Gd","CBlock","Gd","TA","GLQ",330,186,516,"GasA","Gd","Y",529,516,1045,0,0,1,0,2,"TA",5,1,"Detchd",2,462,"TA","TA",180,0,0,0
811,118.858,64,7018,"Inside","1Story",5,5,1979,1979,"TA","TA","Slab","None","None","None",0,0,0,"GasA","TA","Y",1535,0,1535,0,0,2,0,4,"TA",8,0,"Attchd",2,400,"TA","TA",0,0,0,0
280,107,94,7819,"Inside","SLvl",6,5,1976,1976,"TA","TA","CBlock","TA","TA","ALQ",422,480,1029,"GasA","TA","Y",1117,0,1117,1,0,1,0,3,"TA",6,1,"Detchd",2,672,"TA","TA",144,0,0,0
84,112,68,8930,"Inside","1.5Fin",6,5,1978,1978,"TA","TA","Slab","None","None","None",0,0,0,"GasA","TA","Y",1318,584,1902,0,0,2,0,4,"TA",8,0,"Attchd",2,539,"TA","TA",0,0,0,0
173,115,56,8960,"Inside","1Story",5,6,1927,1950,"TA","TA","CBlock","TA","TA","Unf",0,1008,1008,"GasA","Gd","Y",1028,0,1028,0,0,1,0,2,"TA",5,1,"Detchd",2,360,"TA","TA",0,0,130,0
2411,169.99,65,10237,"Inside","1Story",6,5,2005,2006,"Gd","TA","PConc","Gd","TA","GLQ",28,1288,1316,"GasA","Ex","Y",1316,0,1316,0,0,2,0,3,"Gd",6,1,"Attchd",2,397,"TA","TA",100,0,0,0
1584,232.5,82,11202,"Inside","1Story",8,5,2003,2003,"Gd","TA","PConc","Ex","TA","GLQ",1029,403,1432,"GasA","Ex","Y",1440,0,1440,1,0,2,0,3,"Gd",7,1,"Attchd",2,467,"TA","TA",185,95,0,0
305,68.4,60,7500,"Inside","1.5Fin",4,4,1920,1950,"TA","Gd","CBlock","TA","TA","Unf",0,698,698,"GasA","TA","Y",698,430,1128,0,0,1,0,2,"TA",6,0,"Detchd",2,528,"TA","TA",30,0,164,0
875,191,70,8750,"Inside","2Story",7,5,1996,1996,"Gd","TA","PConc","Gd","TA","Unf",0,880,880,"GasA","Ex","Y",909,807,1716,0,0,2,1,2,"Gd",7,1,"Attchd",2,512,"TA","TA",0,120,0,0
1222,118,50,7420,"Corner","1.5Unf",5,6,1939,1950,"TA","TA","BrkTil","TA","TA","GLQ",851,140,991,"GasA","Ex","Y",1077,0,1077,1,0,1,0,2,"TA",5,2,"Attchd",1,205,"Gd","TA",0,4,0,0
1882,151.5,0,12772,"CulDSac","1Story",6,8,1960,1998,"TA","Gd","CBlock","TA","TA","BLQ",498,460,958,"GasA","TA","Y",958,0,958,0,0,1,0,2,"TA",5,0,"Attchd",1,301,"TA","TA",0,0,0,0
1616,225,0,12394,"Corner","2Story",7,5,2003,2003,"Gd","TA","PConc","Gd","TA","Unf",0,847,847,"GasA","Ex","Y",847,886,1733,0,0,2,1,3,"Gd",7,1,"BuiltIn",2,433,"TA","TA",100,48,0,0
402,130,60,9000,"FR2","1Story",4,7,1971,2006,"TA","Gd","CBlock","TA","TA","ALQ",240,624,864,"GasA","Gd","Y",864,0,864,0,0,1,0,3,"TA",5,0,"Detchd",2,576,"TA","TA",200,0,0,0
2833,130,32,3363,"Inside","2Story",7,5,2004,2004,"Gd","TA","PConc","Gd","TA","Unf",0,976,976,"GasA","Ex","Y",976,732,1708,0,0,2,0,3,"Gd",7,0,"Detchd",2,380,"TA","TA",0,40,0,0
2488,119.5,68,8927,"Inside","1.5Fin",6,6,1977,1977,"TA","Gd","CBlock","None","None","None",0,0,0,"GasA","TA","Y",1286,368,1654,0,0,2,0,4,"TA",10,0,"Attchd",2,528,"TA","TA",0,0,0,0
145,142,0,12160,"Inside","1Story",5,5,1959,1959,"TA","TA","CBlock","TA","TA","Rec",1000,188,1188,"GasA","Fa","Y",1188,0,1188,1,0,1,0,3,"TA",6,0,"Attchd",2,531,"TA","TA",0,0,0,0
2697,84.5,60,6780,"Inside","1.5Fin",6,8,1935,1982,"TA","Fa","CBlock","TA","TA","GLQ",490,30,520,"GasA","Gd","N",520,0,754,1,0,1,0,2,"TA",5,0,"None",0,0,"None","None",53,0,0,0
361,178,0,9636,"Corner","2Story",6,5,1992,1993,"TA","TA","PConc","Gd","TA","Unf",0,808,808,"GasA","Gd","Y",808,785,1593,0,0,2,1,3,"TA",7,1,"BuiltIn",2,389,"TA","TA",342,40,0,0
64,290,92,11764,"CulDSac","2Story",8,7,1999,2007,"Gd","TA","PConc","Gd","TA","GLQ",524,628,1152,"GasA","Ex","Y",1164,1106,2270,0,0,2,1,4,"Gd",9,1,"Attchd",3,671,"TA","TA",132,57,0,0
502,260,90,9900,"Inside","2Story",7,5,1993,1993,"Gd","TA","PConc","Gd","TA","GLQ",987,360,1347,"GasA","Ex","Y",1372,1274,2646,1,0,2,1,4,"Gd",9,1,"Attchd",3,656,"TA","TA",340,60,144,0
428,398.8,95,12350,"Inside","2Story",9,5,2009,2009,"Gd","TA","PConc","Ex","TA","GLQ",986,379,1365,"GasA","Ex","Y",1365,1325,2690,1,0,2,1,3,"Ex",8,1,"Attchd",3,864,"TA","TA",0,197,0,0
2314,187.5,0,13031,"Corner","2Story",6,5,1995,1996,"TA","TA","PConc","Gd","TA","ALQ",592,99,691,"GasA","Gd","Y",691,807,1498,0,0,2,1,3,"TA",6,1,"Attchd",2,409,"TA","TA",315,44,0,0
1321,325,75,13500,"Inside","2.5Unf",10,9,1893,2000,"Ex","Ex","BrkTil","TA","TA","Unf",0,1237,1237,"GasA","Gd","Y",1521,1254,2775,0,0,3,1,3,"Gd",9,1,"Detchd",2,880,"Gd","TA",105,502,0,0
2673,202.5,69,11737,"Inside","2Story",6,7,1924,1996,"TA","TA","BrkTil","TA","TA","Unf",0,848,848,"GasW","TA","N",1017,810,1827,0,0,1,0,2,"TA",9,1,"Detchd",1,240,"Fa","TA",27,36,42,0
2413,169.985,65,10237,"Inside","2Story",7,5,2006,2006,"Gd","TA","PConc","Gd","TA","Unf",0,738,738,"GasA","Ex","Y",738,754,1492,0,0,2,1,3,"Gd",8,0,"Attchd",2,440,"TA","TA",0,32,0,0
2830,130,24,2522,"Inside","2Story",7,5,2004,2004,"Gd","TA","PConc","Gd","TA","Unf",0,970,970,"GasA","Ex","Y",970,739,1709,0,0,2,0,3,"Gd",7,0,"Detchd",2,380,"TA","TA",0,40,0,0
972,162,32,4500,"FR2","1Story",6,5,1998,1998,"TA","TA","PConc","Ex","TA","GLQ",866,338,1204,"GasA","Ex","Y",1204,0,1204,1,0,2,0,2,"TA",5,0,"Attchd",2,412,"TA","TA",0,247,0,0
1533,188.7,74,11988,"Inside","2Story",6,7,1934,1995,"TA","TA","CBlock","TA","TA","LwQ",326,389,715,"GasA","Fa","Y",849,811,1660,0,0,1,1,3,"TA",6,1,"Detchd",1,240,"TA","TA",0,0,0,0
1027,146.9,75,9743,"Inside","2Story",5,6,1969,1969,"TA","TA","CBlock","TA","Fa","BLQ",280,440,720,"GasA","Gd","Y",720,588,1308,0,0,1,1,3,"TA",7,0,"Detchd",2,484,"TA","TA",0,0,0,0
13,180.4,63,8402,"Inside","2Story",6,5,1998,1998,"TA","TA","PConc","Gd","TA","Unf",0,789,789,"GasA","Gd","Y",789,676,1465,0,0,2,1,3,"TA",7,1,"Attchd",2,393,"TA","TA",0,75,0,0
2035,141,50,9000,"Inside","1.5Fin",6,6,1937,1950,"TA","Gd","PConc","TA","TA","Unf",0,780,780,"GasA","TA","Y",780,595,1375,0,0,1,1,3,"Gd",6,1,"Detchd",1,544,"TA","TA",0,162,0,126
2373,94.5,21,1680,"Inside","2Story",6,5,1972,1972,"TA","TA","CBlock","TA","TA","Unf",0,483,483,"GasA","TA","Y",483,504,987,0,0,1,1,2,"TA",5,1,"Attchd",1,288,"TA","TA",0,0,0,0
2605,160,60,10800,"Corner","1.5Fin",5,4,1900,1970,"TA","Fa","CBlock","TA","Fa","BLQ",664,290,954,"GasA","TA","N",1766,648,2414,0,0,2,0,3,"TA",10,1,"Attchd",2,520,"TA","Fa",142,0,0,0
448,386.25,103,13472,"Inside","1Story",10,5,2003,2003,"Ex","TA","PConc","Ex","TA","GLQ",56,2336,2392,"GasA","Ex","Y",2392,0,2392,0,0,2,0,3,"Ex",8,1,"Attchd",3,968,"TA","TA",248,105,0,0
2399,378,131,14828,"Corner","1Story",9,5,2004,2005,"Ex","TA","PConc","Ex","TA","GLQ",1383,397,1780,"GasA","Ex","Y",1780,0,1780,1,0,2,0,2,"Ex",7,1,"Attchd",3,816,"TA","TA",144,68,0,0
2095,228.5,82,11287,"Inside","2Story",7,6,1989,1989,"Gd","TA","CBlock","Gd","TA","GLQ",421,386,807,"GasA","Gd","Y",1175,807,1982,0,0,2,1,3,"Gd",7,1,"Attchd",2,575,"TA","TA",0,84,0,0
1977,89.5,56,4480,"Corner","1Story",5,5,1922,1950,"TA","TA","PConc","Fa","Fa","LwQ",782,240,1022,"GasA","TA","N",1022,0,1022,1,0,1,0,2,"Fa",4,1,"Detchd",1,184,"TA","Fa",0,122,20,0
1933,125,60,10950,"Inside","1Story",6,6,1952,1952,"TA","TA","CBlock","TA","TA","ALQ",441,507,948,"GasA","TA","Y",948,0,948,0,0,1,0,2,"TA",5,0,"Detchd",2,410,"TA","TA",0,48,0,0
2658,137,69,9142,"Inside","2Story",6,8,1910,1950,"TA","Fa","Stone","Fa","TA","Unf",0,1020,1020,"GasA","Gd","N",908,1020,1928,0,0,2,0,4,"Fa",9,0,"Detchd",1,440,"Po","Po",0,60,112,0
523,238.5,75,7500,"Inside","1Story",8,5,2006,2007,"Gd","TA","PConc","Gd","TA","GLQ",24,1348,1372,"GasA","Ex","Y",1448,0,1448,0,0,2,0,2,"Gd",6,1,"Attchd",2,692,"TA","TA",0,140,0,0
996,192,59,9042,"Inside","2Story",6,5,1998,1998,"TA","TA","PConc","Gd","TA","GLQ",828,115,943,"GasA","Gd","Y",943,695,1638,1,0,2,1,3,"TA",7,2,"Attchd",2,472,"TA","TA",100,38,0,0
819,323.262,84,10933,"Inside","1Story",9,5,2009,2009,"Ex","TA","PConc","Ex","TA","GLQ",1021,534,1555,"GasA","Ex","Y",1680,0,1680,1,0,1,1,1,"Ex",8,1,"Attchd",3,1138,"TA","TA",185,24,0,0
1272,125.9,80,8000,"Inside","1Story",5,5,1962,1962,"TA","TA","CBlock","TA","TA","BLQ",520,188,1027,"GasA","TA","Y",1027,0,1027,0,1,1,0,3,"TA",6,0,"Attchd",1,299,"TA","TA",0,0,0,0
1590,206.3,78,7060,"Inside","SFoyer",7,5,1997,1998,"TA","Gd","PConc","Gd","Gd","GLQ",1309,35,1344,"GasA","Ex","Y",1344,0,1344,2,0,2,0,2,"TA",8,0,"Attchd",4,784,"TA","TA",0,0,0,0
778,165,88,15400,"Inside","SLvl",5,5,1961,1961,"TA","TA","CBlock","TA","Gd","Unf",0,552,552,"GasA","TA","Y",904,611,1774,0,0,2,0,4,"TA",8,1,"Attchd",1,384,"TA","TA",290,40,0,0
399,120.5,60,6960,"Inside","1Story",4,6,1970,1970,"TA","TA","CBlock","TA","TA","ALQ",375,250,864,"GasA","TA","Y",864,0,864,0,0,1,0,3,"Gd",5,0,"Detchd",2,660,"TA","TA",96,0,0,0
969,425,85,12633,"Inside","1Story",9,5,2007,2007,"Ex","TA","PConc","Ex","TA","GLQ",1640,338,1978,"GasA","Ex","Y",1978,0,1978,1,0,2,0,2,"Ex",7,1,"Attchd",3,920,"TA","TA",308,52,0,0
2137,160,72,9720,"Inside","SLvl",5,7,1977,1977,"TA","TA","CBlock","TA","Ex","ALQ",755,240,995,"GasA","TA","Y",1009,0,1009,0,0,2,0,3,"TA",6,1,"Detchd",2,576,"TA","TA",0,0,0,0
922,160,130,9600,"Inside","1.5Fin",5,7,1940,1950,"Gd","Gd","BrkTil","TA","Fa","Rec",428,300,728,"GasA","Ex","Y",976,332,1308,1,0,1,1,2,"TA",7,2,"Detchd",1,256,"TA","TA",0,70,0,0
509,257.5,78,10206,"Inside","1Story",8,5,2008,2008,"Gd","TA","PConc","Gd","TA","Unf",0,1614,1614,"GasA","Ex","Y",1658,0,1658,0,0,2,1,3,"Gd",7,1,"Attchd",3,726,"TA","TA",144,44,0,0
2388,309,108,13418,"Inside","2Story",8,5,2004,2005,"Gd","TA","PConc","Ex","TA","Unf",0,1117,1117,"GasA","Ex","Y",1132,1320,2452,0,0,3,1,4,"Gd",9,1,"BuiltIn",3,691,"TA","TA",113,32,0,0
2685,113,58,6380,"Inside","1.5Unf",5,6,1922,1950,"TA","TA","BrkTil","TA","Fa","Unf",0,993,993,"GasA","TA","Y",1048,0,1048,0,0,1,0,2,"TA",5,1,"Detchd",1,280,"TA","TA",0,0,116,0
1083,191,43,3182,"Inside","1Story",7,5,2005,2006,"Gd","TA","PConc","Gd","Gd","GLQ",16,1330,1346,"GasA","Ex","Y",1504,0,1504,0,0,2,0,2,"Gd",7,1,"Attchd",2,437,"TA","TA",156,20,0,0
1174,170,24,2160,"Inside","SLvl",7,5,1999,2000,"Gd","TA","PConc","Gd","TA","GLQ",600,72,672,"GasA","Ex","Y",684,720,1404,1,0,2,1,3,"Gd",5,0,"Detchd",2,462,"TA","TA",20,0,0,0
207,55,70,5600,"Inside","2Story",4,5,1930,1950,"Fa","Fa","Slab","None","None","None",0,0,0,"GasA","Fa","N",372,720,1092,0,0,2,0,3,"Fa",7,0,"None",0,0,"None","None",0,0,0,0
245,178,77,9206,"Inside","2Story",6,5,1985,1985,"Gd","TA","CBlock","Gd","TA","Unf",0,741,741,"GasA","TA","Y",977,755,1732,0,0,2,1,3,"Gd",7,1,"Attchd",2,476,"TA","TA",192,46,0,0
400,124.5,70,8120,"Inside","1Story",4,7,1970,1970,"TA","Gd","CBlock","TA","TA","ALQ",191,673,864,"GasA","Ex","Y",864,0,864,0,0,1,0,3,"TA",5,0,"Detchd",2,463,"TA","TA",0,0,0,0
2138,134.9,45,8982,"CulDSac","1Story",5,5,1977,1977,"TA","TA","CBlock","Gd","TA","ALQ",539,501,1040,"GasA","TA","Y",1040,0,1040,0,0,1,1,3,"TA",5,0,"Detchd",2,748,"TA","TA",0,0,0,0
205,122,52,3068,"Inside","2Story",6,8,1920,1993,"TA","Gd","BrkTil","TA","TA","Unf",0,662,662,"GasA","Ex","Y",662,662,1324,0,1,1,0,3,"TA",6,0,"Detchd",1,180,"TA","TA",0,0,112,0
1442,231.5,80,12435,"Inside","2Story",7,5,2001,2001,"Gd","TA","PConc","Gd","TA","GLQ",361,602,963,"GasA","Ex","Y",963,829,1792,0,0,2,1,3,"Gd",7,1,"Attchd",2,564,"TA","TA",0,96,0,0
323,169,85,15300,"Inside","1Story",5,5,1965,1977,"TA","TA","CBlock","TA","TA","Rec",42,1026,1068,"GasA","TA","Y",1264,0,1264,1,0,1,0,2,"TA",7,1,"Attchd",2,528,"TA","TA",0,0,0,0
1286,157.5,60,10440,"Inside","2Story",5,8,1904,2002,"TA","TA","PConc","TA","TA","Unf",0,650,650,"GasA","Gd","Y",958,581,1539,0,0,2,0,3,"Gd",8,1,"Detchd",2,686,"Gd","TA",70,78,68,0
610,177.5,0,8970,"Corner","2Story",5,6,1965,1965,"TA","Gd","CBlock","TA","TA","ALQ",388,356,744,"GasA","TA","Y",825,1315,2140,0,0,2,1,4,"TA",7,1,"Attchd",2,549,"TA","TA",0,40,264,0
1968,141,80,8000,"Corner","1Story",5,4,1961,1961,"TA","TA","CBlock","TA","TA","Unf",0,1800,1800,"GasA","Ex","N",1800,0,1800,0,0,2,0,6,"TA",10,0,"None",0,0,"None","None",0,0,0,0
1449,143.195,0,9216,"Inside","1Story",5,6,1975,1975,"TA","TA","CBlock","TA","TA","ALQ",294,782,1076,"GasA","TA","Y",1076,0,1076,0,0,1,1,3,"TA",5,1,"Detchd",2,576,"TA","TA",0,0,0,0
498,340,0,16545,"Inside","2Story",8,5,1998,1998,"Gd","TA","PConc","Gd","TA","GLQ",781,503,1284,"GasA","Ex","Y",1310,1140,2450,1,0,2,1,3,"Gd",7,1,"Attchd",3,1069,"TA","TA",0,126,0,0
1385,152,0,7400,"CulDSac","SFoyer",5,5,1984,1984,"TA","TA","PConc","Gd","TA","LwQ",104,0,1060,"GasA","TA","Y",1126,0,1126,1,0,1,0,2,"TA",5,0,"Attchd",2,506,"TA","TA",178,0,0,0
2851,138.887,96,13132,"Inside","2Story",5,5,1914,1950,"TA","TA","BrkTil","Gd","TA","Unf",0,747,747,"GasA","Gd","Y",892,892,1784,0,0,1,1,4,"TA",9,0,"Detchd",1,180,"Fa","Fa",203,40,0,0
1262,139,78,10180,"Corner","1Story",5,6,1968,1968,"TA","TA","CBlock","TA","TA","Rec",744,168,912,"GasA","TA","Y",1044,0,1044,0,1,1,1,3,"TA",5,1,"Attchd",2,372,"TA","TA",200,48,0,0
1382,130,57,9764,"FR2","1Story",5,7,1967,2003,"TA","TA","CBlock","TA","TA","BLQ",702,192,894,"GasA","Ex","Y",894,0,894,1,0,1,0,3,"Gd",5,0,"Attchd",2,450,"TA","TA",0,0,0,0
1276,105.5,59,7227,"Corner","1.5Unf",6,6,1954,1954,"TA","TA","CBlock","TA","TA","Unf",0,832,832,"GasA","Gd","Y",832,0,832,0,0,1,0,2,"Gd",4,0,"Detchd",2,528,"TA","TA",0,0,0,0
2550,150,69,8973,"Inside","1Story",5,7,1958,1991,"TA","TA","CBlock","TA","TA","Rec",567,413,1008,"GasA","TA","Y",1053,0,1053,0,1,1,1,3,"Ex",6,0,"2Types",2,750,"TA","TA",0,80,0,0
1465,240,41,10905,"CulDSac","2Story",7,5,2003,2003,"Gd","TA","PConc","Gd","TA","Unf",0,1129,1129,"GasA","Ex","Y",1129,1198,2327,0,0,2,1,4,"Gd",9,1,"BuiltIn",2,596,"TA","TA",0,57,0,0
2366,125.5,24,2160,"Inside","2Story",5,6,1973,1973,"TA","TA","CBlock","TA","TA","LwQ",402,363,765,"GasA","Gd","Y",765,600,1365,0,0,1,1,3,"Gd",7,1,"Attchd",2,440,"TA","TA",0,36,0,0
1854,279.7,50,9466,"FR2","1Story",8,5,1994,1995,"Gd","TA","PConc","Gd","TA","LwQ",457,0,1494,"GasA","Ex","Y",1494,0,1494,1,0,1,1,1,"Gd",5,1,"Attchd",2,478,"TA","TA",0,30,0,217
2807,195,41,12393,"FR2","2Story",7,5,2004,2005,"Gd","TA","PConc","Gd","TA","Unf",0,847,847,"GasA","Ex","Y",847,1101,1948,0,0,2,1,4,"Gd",8,1,"BuiltIn",2,434,"TA","TA",100,48,0,0
1778,320,84,11670,"Corner","1Story",9,5,2006,2006,"Ex","TA","PConc","Ex","Gd","Unf",0,1905,1905,"GasA","Ex","Y",1905,0,1905,0,0,2,0,3,"Ex",8,1,"Attchd",3,788,"TA","TA",0,191,0,0
1311,98,34,4571,"Inside","2Story",5,5,1916,1950,"TA","TA","BrkTil","TA","TA","Unf",0,624,624,"GasA","Fa","N",624,720,1344,0,0,1,0,4,"TA",7,0,"Detchd",3,513,"Fa","Fa",0,0,96,0
2103,246.5,66,10235,"Inside","1Story",8,5,2007,2007,"Gd","TA","PConc","Gd","TA","Unf",0,1643,1643,"GasA","Ex","Y",1651,0,1651,0,0,2,0,3,"Gd",7,1,"Attchd",3,870,"TA","TA",192,64,0,0
2790,255,90,11367,"Corner","2Story",8,5,2002,2002,"Gd","TA","PConc","Gd","TA","GLQ",932,133,1065,"GasA","Ex","Y",1091,898,1989,1,0,2,1,3,"Gd",7,1,"Attchd",2,586,"TA","TA",199,60,0,0
1872,158.5,88,10738,"Corner","1Story",6,7,1966,1966,"TA","TA","CBlock","TA","TA","ALQ",792,301,1093,"GasA","Gd","Y",1093,0,1093,1,0,2,0,3,"TA",6,1,"Attchd",2,484,"TA","TA",224,0,0,0
423,485,104,13518,"Inside","2Story",9,5,2008,2009,"Ex","TA","PConc","Ex","TA","Unf",0,1926,1926,"GasA","Ex","Y",1966,1174,3140,0,0,3,1,4,"Ex",11,2,"BuiltIn",3,820,"TA","TA",144,78,0,0
1156,192,95,19508,"Inside","1Story",6,5,1974,1974,"TA","TA","CBlock","TA","TA","ALQ",800,630,1430,"GasA","TA","Y",1430,0,1430,0,1,2,0,3,"TA",6,2,"Attchd",2,484,"TA","TA",117,108,165,0
2763,181,78,9316,"Inside","2Story",7,5,2005,2005,"Gd","TA","PConc","Gd","TA","Unf",0,784,784,"GasA","Ex","Y",784,812,1596,0,0,2,1,3,"Gd",6,0,"Attchd",2,610,"TA","TA",144,45,0,0
1070,336.86,58,10110,"Inside","1Story",9,5,2008,2008,"Ex","TA","PConc","Gd","TA","GLQ",372,1486,1858,"GasA","Ex","Y",1866,0,1866,1,0,2,0,2,"Ex",7,1,"Attchd",3,870,"TA","TA",0,48,0,0
2872,223,0,16381,"Inside","1Story",6,5,1969,1969,"Gd","Gd","CBlock","TA","TA","Rec",1110,734,1844,"GasA","Gd","Y",1844,0,1844,1,0,2,0,3,"Gd",7,1,"Attchd",2,540,"TA","TA",0,73,216,0
2343,202.5,91,14145,"Corner","1Story",7,7,1984,1998,"Gd","TA","CBlock","Gd","TA","ALQ",213,995,1208,"GasA","Ex","Y",1621,0,1621,1,0,2,0,3,"Gd",8,0,"Attchd",2,440,"TA","TA",108,45,0,0
987,130,62,10429,"Inside","2Story",5,5,1992,1992,"TA","TA","PConc","Gd","TA","ALQ",330,294,624,"GasA","TA","Y",624,663,1287,0,0,1,1,3,"TA",6,0,"Detchd",2,440,"TA","TA",150,0,0,0
691,109.5,60,6600,"Inside","1Story",5,5,1962,1962,"TA","TA","CBlock","TA","TA","Unf",0,894,894,"GasA","Gd","N",894,0,894,0,0,1,0,2,"TA",5,0,"Detchd",1,308,"TA","TA",0,0,0,0
452,213,47,6904,"Inside","1Story",6,5,2005,2005,"Gd","TA","PConc","Gd","TA","ALQ",836,522,1358,"GasA","Ex","Y",1358,0,1358,0,0,2,0,2,"Gd",6,1,"Attchd",2,484,"TA","TA",192,36,0,0
897,98,50,8405,"Inside","1.5Fin",4,3,1945,1950,"TA","TA","Slab","None","None","None",0,0,0,"Wall","TA","N",1088,441,1529,0,0,2,0,4,"TA",9,0,"Detchd",1,240,"TA","TA",92,0,185,0
1492,108,63,13907,"Inside","1Story",5,6,1940,1969,"TA","TA","CBlock","TA","TA","BLQ",290,706,996,"GasA","Ex","Y",996,0,996,1,0,1,0,3,"TA",6,1,"None",0,0,"None","None",144,0,0,0
2594,127,50,7500,"Inside","1.5Fin",6,6,1947,1950,"TA","TA","CBlock","TA","TA","Unf",0,784,784,"GasA","Ex","Y",900,412,1312,0,0,1,1,3,"TA",6,0,"Detchd",2,649,"TA","TA",0,28,0,0
1784,235.876,85,9965,"FR2","1Story",7,5,2007,2007,"Gd","TA","PConc","Gd","TA","Unf",0,1528,1528,"GasA","Ex","Y",1528,0,1528,0,0,3,2,3,"Gd",6,1,"Attchd",2,480,"TA","TA",0,228,0,0
2128,204.75,69,9337,"Inside","2Story",6,5,1997,1997,"TA","Gd","PConc","Gd","TA","GLQ",648,176,824,"GasA","Ex","Y",905,881,1786,1,0,2,1,3,"Gd",7,0,"Attchd",2,684,"TA","TA",0,162,0,0
1901,138.5,85,12172,"Inside","1.5Unf",5,7,1940,1996,"TA","TA","PConc","TA","TA","LwQ",130,433,822,"GasA","TA","Y",908,0,908,0,0,1,0,2,"TA",4,0,"Attchd",2,512,"TA","TA",284,24,0,192
2083,150,42,7711,"Inside","1Story",4,3,1977,1977,"TA","TA","PConc","Gd","TA","GLQ",1440,0,1440,"GasA","TA","Y",1440,0,1440,2,0,2,0,4,"TA",8,0,"None",0,0,"None","None",321,0,0,0
446,269.5,90,12878,"Corner","1Story",7,5,2003,2004,"Gd","TA","PConc","Gd","TA","ALQ",1262,498,1760,"GasA","Ex","Y",1760,0,1760,1,0,2,0,3,"Gd",8,1,"Attchd",2,583,"TA","TA",165,190,0,0
1484,149,0,4438,"Inside","1Story",6,5,2004,2004,"Gd","TA","PConc","Gd","TA","GLQ",662,186,848,"GasA","Ex","Y",848,0,848,1,0,1,0,1,"Gd",3,1,"Attchd",2,420,"TA","TA",149,0,0,0
704,103,56,10134,"Inside","1.5Fin",5,5,1910,1950,"TA","TA","BrkTil","Fa","TA","Unf",0,801,801,"GasA","Gd","N",801,646,1447,0,0,1,0,3,"TA",6,0,"None",0,0,"None","None",80,0,244,0
2460,199,85,10936,"Corner","1Story",8,5,2006,2006,"Gd","TA","PConc","Gd","TA","Unf",0,1504,1504,"GasA","Ex","Y",1504,0,1504,0,0,2,0,3,"Gd",7,0,"Attchd",2,510,"TA","TA",144,0,0,0
2764,220,80,10041,"Inside","2Story",8,5,1992,1992,"Gd","TA","PConc","Gd","TA","GLQ",789,119,908,"GasA","Ex","Y",927,988,1915,1,0,2,1,3,"Gd",8,1,"Attchd",2,506,"TA","TA",120,150,0,0
1817,144,0,9180,"CulDSac","SFoyer",5,7,1983,1983,"TA","TA","CBlock","Gd","TA","ALQ",747,0,840,"GasA","Gd","Y",884,0,884,1,0,1,0,2,"Gd",5,0,"Attchd",2,504,"TA","Gd",240,0,0,0
1580,150,75,12890,"Inside","1Story",6,5,1989,1989,"TA","TA","CBlock","Gd","TA","Unf",0,1495,1495,"GasA","Ex","Y",1495,0,1495,0,0,2,0,3,"TA",8,1,"Attchd",2,438,"TA","TA",252,0,192,0
1698,380,105,13693,"Inside","2Story",9,5,2006,2006,"Ex","TA","PConc","Gd","TA","Unf",0,2153,2153,"GasA","Ex","Y",2069,574,2643,0,0,2,1,3,"Ex",9,1,"BuiltIn",3,694,"TA","TA",414,84,0,0
999,175,57,21872,"FR2","2Story",7,5,1996,1997,"TA","TA","PConc","Gd","TA","GLQ",604,125,729,"GasA","Ex","Y",729,717,1446,0,1,2,1,3,"TA",6,1,"Attchd",2,406,"TA","TA",264,22,0,0
1987,137,57,9639,"Inside","2Story",4,8,1900,1950,"TA","TA","PConc","TA","TA","Unf",0,1075,1075,"GasA","Ex","Y",1156,642,1798,0,0,2,1,4,"TA",7,0,"Detchd",2,342,"TA","TA",0,0,160,0
141,136,0,8050,"Inside","1Story",5,5,1959,1959,"TA","TA","CBlock","TA","TA","BLQ",856,125,1143,"GasA","TA","Y",1143,0,1143,1,0,1,0,3,"TA",6,0,"Attchd",1,308,"TA","TA",0,0,0,0
1935,134.5,66,8923,"Inside","1Story",5,7,1953,2006,"TA","TA","CBlock","TA","TA","BLQ",643,365,1008,"GasA","Gd","Y",1008,0,1008,1,0,1,0,2,"Gd",6,0,"Attchd",1,240,"TA","TA",0,18,0,0
1750,206.58,59,10936,"Inside","1Story",7,5,2006,2006,"Gd","TA","PConc","Gd","TA","Unf",0,1510,1510,"GasA","Ex","Y",1525,0,1525,0,0,2,1,3,"Gd",6,1,"Attchd",2,534,"TA","TA",100,18,0,0
2203,141.5,53,6720,"Inside","2Story",6,7,1921,1950,"TA","TA","BrkTil","TA","TA","Unf",0,585,585,"GasA","TA","N",851,585,1436,0,0,1,0,3,"TA",7,1,"Detchd",1,228,"TA","TA",184,0,0,0
1721,209.5,34,4590,"Inside","1Story",8,5,2006,2006,"Gd","TA","PConc","Gd","Gd","GLQ",24,1530,1554,"GasA","Ex","Y",1554,0,1554,0,0,2,0,2,"Gd",6,1,"Attchd",2,627,"TA","TA",156,73,0,0
26,142,65,8450,"Inside","1Story",5,6,1968,1968,"TA","TA","CBlock","TA","TA","BLQ",775,281,1056,"GasA","Ex","Y",1056,0,1056,1,0,1,0,3,"TA",6,1,"Attchd",1,304,"TA","TA",0,85,184,0
515,252.678,72,8640,"Inside","2Story",7,5,2009,2009,"TA","TA","PConc","Gd","TA","GLQ",822,78,900,"GasA","Ex","Y",932,920,1852,1,0,2,1,3,"Gd",7,1,"Attchd",2,644,"TA","TA",168,108,0,0
1233,165,101,9150,"Corner","SLvl",6,5,1962,1962,"TA","TA","CBlock","Gd","TA","GLQ",371,728,1099,"GasA","Gd","Y",1431,0,1431,0,1,1,0,3,"TA",6,1,"Basment",1,296,"TA","TA",64,110,0,0
2709,153.6,0,11327,"Inside","1Story",5,6,1967,1967,"TA","TA","CBlock","TA","TA","ALQ",779,285,1064,"GasA","TA","Y",1064,0,1064,0,1,1,0,3,"TA",6,1,"Attchd",2,528,"TA","TA",314,48,0,0
2463,232.6,81,11216,"Inside","1Story",8,5,2006,2006,"Gd","TA","PConc","Gd","Gd","Unf",0,1489,1489,"GasA","Ex","Y",1489,0,1489,0,0,2,0,3,"Gd",7,1,"Attchd",2,776,"TA","TA",0,140,0,0
725,119,60,5400,"Inside","1.5Fin",6,6,1920,1950,"Fa","TA","BrkTil","TA","TA","Unf",0,972,972,"GasA","Ex","Y",1044,0,1480,0,0,1,0,3,"TA",6,0,"Detchd",1,207,"Fa","TA",0,0,176,0
1770,315.75,95,11787,"Inside","2Story",7,5,1996,1997,"Gd","TA","PConc","Gd","TA","GLQ",719,660,1379,"GasA","Ex","Y",1383,1015,2398,1,0,2,1,3,"Gd",8,1,"Attchd",3,834,"TA","TA",239,60,0,0
574,172.5,24,2645,"Inside","2Story",8,5,1999,2000,"Gd","TA","PConc","Gd","TA","GLQ",649,321,970,"GasA","Ex","Y",983,756,1739,1,0,2,1,3,"Gd",7,0,"Attchd",2,480,"TA","TA",115,0,0,0
1809,149,60,12450,"Inside","1Story",5,5,2003,2004,"Gd","TA","PConc","Gd","TA","GLQ",729,365,1094,"GasA","Ex","Y",1094,0,1094,1,0,1,0,3,"Gd",6,0,"Detchd",2,576,"TA","TA",0,0,0,0
2607,160,84,8658,"Inside","1Story",6,5,1965,1965,"TA","TA","CBlock","TA","TA","Rec",643,445,1088,"GasA","Ex","Y",1324,0,1324,0,0,2,0,3,"TA",6,1,"Attchd",2,440,"TA","TA",0,138,0,0
2435,230.5,106,11194,"Corner","2Story",8,5,2000,2000,"Gd","TA","PConc","Gd","TA","Unf",0,1406,1406,"GasA","Ex","Y",1454,482,1936,0,0,2,1,3,"Gd",7,1,"Attchd",2,504,"TA","TA",188,124,0,0
12,185,0,7980,"Inside","1Story",6,7,1992,2007,"TA","Gd","PConc","Gd","TA","ALQ",935,233,1168,"GasA","Ex","Y",1187,0,1187,1,0,2,0,3,"TA",6,0,"Attchd",2,420,"TA","TA",483,21,0,0
1258,86.9,60,5400,"Corner","1Story",4,7,1940,2005,"Gd","TA","PConc","TA","TA","Unf",0,672,672,"GasA","Gd","Y",672,0,672,0,0,1,0,2,"TA",4,0,"Detchd",1,308,"TA","TA",88,108,0,0
1461,274,0,9720,"CulDSac","2Story",9,5,2001,2002,"Gd","TA","PConc","Gd","TA","GLQ",1194,163,1357,"GasA","Ex","Y",1366,581,1947,1,0,2,1,3,"Gd",7,1,"BuiltIn",3,725,"TA","TA",168,116,0,0
368,372.5,80,11844,"Inside","1Story",8,5,2008,2008,"Gd","TA","PConc","Ex","TA","Unf",0,2046,2046,"GasA","Ex","Y",2046,0,2046,0,0,2,1,3,"Gd",7,1,"Attchd",3,834,"TA","TA",322,82,0,0
745,115,51,6120,"Inside","1Story",5,6,1925,1999,"TA","TA","BrkTil","TA","TA","Unf",0,960,960,"GasA","Gd","Y",995,0,995,0,0,1,0,2,"TA",5,0,"Detchd",1,264,"TA","TA",0,15,51,0
1708,342,99,13069,"Inside","2Story",8,5,2004,2004,"Gd","TA","PConc","Gd","TA","Unf",0,1706,1706,"GasA","Ex","Y",1718,1238,2956,0,0,2,1,5,"Ex",11,1,"BuiltIn",3,916,"TA","TA",194,50,0,0
2578,148,125,10000,"Corner","SLvl",5,6,1956,1956,"TA","TA","CBlock","TA","TA","BLQ",678,99,1058,"GasA","Ex","Y",1370,0,1370,1,0,1,0,3,"TA",6,1,"Basment",1,300,"TA","TA",191,0,0,120
915,155,60,7200,"Inside","2Story",7,9,1936,2007,"Gd","Gd","PConc","Gd","Gd","ALQ",350,0,560,"GasA","Ex","Y",575,560,1135,1,0,1,0,3,"Gd",6,0,"Detchd",2,576,"TA","TA",256,0,0,0
2013,113,51,6120,"Inside","1.5Unf",5,7,1939,1950,"Gd","TA","BrkTil","TA","TA","Unf",0,884,884,"GasA","Ex","Y",884,0,884,0,0,1,0,2,"TA",5,0,"Detchd",1,240,"TA","TA",0,0,136,0
643,131,53,8128,"CulDSac","1Story",6,7,1954,1954,"TA","TA","CBlock","TA","TA","ALQ",490,572,1062,"GasA","Gd","Y",1062,0,1062,1,0,1,0,3,"TA",6,0,"Attchd",1,297,"TA","TA",0,0,0,0
120,128.95,77,9320,"Inside","1Story",4,5,1959,1959,"TA","TA","CBlock","TA","TA","ALQ",569,381,950,"GasA","Fa","Y",1225,0,1225,1,0,1,1,3,"TA",6,0,"None",0,0,"None","None",352,0,0,0
2247,235,44,4750,"Inside","1Story",8,5,2006,2007,"Gd","TA","PConc","Gd","TA","GLQ",1573,0,1573,"GasA","Ex","Y",1625,0,1625,1,1,2,0,2,"Gd",5,1,"Attchd",2,538,"TA","TA",123,0,0,153
311,190,74,9620,"Inside","SLvl",6,7,1977,1977,"TA","TA","CBlock","TA","TA","ALQ",679,564,1243,"GasA","TA","Y",1285,0,1285,0,1,2,0,3,"Gd",6,1,"Attchd",2,473,"TA","TA",375,26,0,0
728,44,72,9392,"Corner","1Story",3,3,1900,1950,"TA","Fa","CBlock","Fa","TA","Unf",0,245,245,"GasA","TA","N",797,0,797,0,0,1,0,2,"TA",5,0,"None",0,0,"None","None",0,36,94,0
2329,275,0,6563,"CulDSac","1Story",8,5,1985,1985,"Gd","TA","PConc","Gd","TA","GLQ",1148,594,1742,"GasA","TA","Y",1742,0,1742,1,0,2,0,2,"Gd",5,1,"Attchd",2,564,"TA","TA",114,28,234,0
1687,318,93,12030,"Inside","1Story",8,5,2007,2007,"Ex","TA","PConc","Ex","TA","Unf",0,1694,1694,"GasA","Ex","Y",1694,0,1694,0,0,2,0,3,"Gd",7,0,"Attchd",3,818,"TA","TA",168,228,0,0
2767,280,62,70761,"Inside","1Story",7,5,1975,1975,"TA","TA","CBlock","Gd","TA","ALQ",655,878,1533,"GasA","TA","Y",1533,0,1533,1,0,2,0,2,"Gd",5,2,"Attchd",2,576,"TA","TA",200,54,0,0
1852,301,0,8010,"Inside","2Story",8,5,2003,2004,"Gd","TA","PConc","Ex","TA","GLQ",964,90,1054,"GasA","Ex","Y",1072,976,2048,1,0,2,1,3,"Gd",8,2,"Detchd",2,552,"TA","TA",0,48,0,180
171,96.5,55,8800,"Corner","1.5Fin",4,7,1910,2004,"TA","TA","BrkTil","TA","Fa","Unf",0,576,576,"GasA","Gd","Y",792,348,1140,0,0,1,0,3,"TA",7,0,"None",0,0,"None","None",0,160,0,0
2688,129,60,9873,"Inside","1Story",4,5,1970,1970,"TA","TA","CBlock","TA","TA","ALQ",789,171,960,"GasW","TA","N",960,0,960,1,0,1,0,3,"TA",6,0,"Detchd",2,576,"TA","TA",0,288,0,0
943,85,105,8470,"Corner","1.5Fin",3,2,1915,1982,"Fa","Fa","CBlock","TA","Fa","Unf",0,1013,1013,"GasA","TA","N",1013,0,1526,0,0,1,0,2,"Fa",6,0,"None",0,0,"None","None",0,0,156,0
1257,140,60,10930,"Inside","1.5Fin",5,6,1945,1950,"TA","TA","CBlock","TA","TA","BLQ",580,333,913,"GasA","TA","Y",1048,510,1558,1,0,1,1,3,"TA",6,1,"Attchd",1,288,"TA","TA",0,0,0,0
1058,383,104,14418,"Inside","1Story",9,5,2007,2007,"Ex","TA","PConc","Ex","TA","GLQ",1375,575,1950,"GasA","Ex","Y",1950,0,1950,1,0,2,0,2,"Ex",7,1,"Attchd",3,706,"TA","TA",156,207,0,0
93,285,88,11134,"Inside","2Story",8,5,1992,1993,"Gd","TA","PConc","Gd","TA","GLQ",1129,261,1390,"GasA","Ex","Y",1402,823,2225,1,0,2,1,4,"Gd",7,1,"Attchd",3,713,"TA","TA",198,30,0,0
